date,page,title,tenure,location,salary,industry,education,prior_experience,signing_bonus,stock_or_bonus,total_comp,extra_col,tenure_clean,location_clean,salary_pre_clean,salary_clean,salary_currency,FX,salary_usd
2021,1,data science manager,2 years,fully remote,$190k,ad tech,"phd, computer science",5 years as a data scientist,n/a,"profit sharing, ~$20k annually",$210k,,2.0,remote,$190k,190000.0,USD,1.0,190000.0
2021,1,quantitative analyst,< 6 months,lcol midwest city,$75k,financial services,bs mathematics/ms applied statistics,"2 quant internships, 1 unrelated internship",signing bonus: $5k,annual bonus: ~10% salary,~80-85k,,0.5,"midwest, us",$75k,75000.0,USD,1.0,75000.0
2021,1,senior predictive analyst,5 years in current role,"southern, usa","$93,000",financial consulting,bs applied mathematics; minior in applied statistics,n/a,none,none,"$93,000",,5.0,us,"$93,000",93000.0,USD,1.0,93000.0
2021,1,senior data scientist,3 years,lcol midwest,"115,000",financial services,"ms, mba",bi,no,16% annual bonus,,,3.0,"midwest, us","115,000",115000.0,USD,1.0,115000.0
2021,1,data scientist,1.5 years,washington dc,"$88,000",national security,"m.s. in data science, b.s. political science","came straight out of grad school, did 2 internships with federal agencies and worked part time as a researcher throughout school",none,none,88k but i do make and additional 7k helping teach classes at a college nearby,,1.5,"washington dc, us","$88,000",88000.0,USD,1.0,88000.0
2021,1,analytics manager,1y3m,atlanta,$132k,"big box retail, ecommerce division","ba communications, bs psychology","2 years auto industry sales   analyst, 4 years digital/product analytics",none,,10% or greater annual bonus,,13.0,"atlanta, us",$132k,132000.0,USD,1.0,132000.0
2021,1,data scientist nlp,"0, starting next year",socal,"$120,000",healthcare consulting,ms,6 years as data analyst,none,does espp count? 10% merit bonus,"$140,000",,,"socal, us","$120,000",120000.0,USD,1.0,120000.0
2021,1,senior data scientist,< 6 months,west coast,"$160,000",games,phd,7 years industry,"$20,000 cash","$60,000 / 3 year vest + $24,000 annual bonus","$220,000",,0.5,"west coast, us","$160,000",160000.0,USD,1.0,160000.0
2021,1,junior data scientist,2.75 years,karachi pakistan,"120,00 pkr/month",data science services,"b.sc in math, minor in comp sci from an american uni","none, some non data science related internships in college",none,none,"120,000 pkr/month",,2.75,pakistan,"120,00 pkr/month",144000.0,USD,1.0,144000.0
2021,1,data analyst,starting in summer,"washington, dc area","$96,000",financial technology,b.s. economics,no full time experience,$1.5k relocation + $9k signing,up to $7k performance bonus,$106.5k - $113.5k,,,"washington dc, us","$96,000",96000.0,USD,1.0,96000.0
2021,1,data scientist,3 years at current company,austria,"42,000â‚¬ a year",consulting basically,bsc. in comp sci,,$internship 6 month internship,relocation/signing bonus: lol,stock and/or recurring bonuses: nope,,3.0,us,"42,000â‚¬ a year",42000.0,EUR,0.9760858955588092,43029.0
2021,1,data scientist,,d.c. area,gs-11,federal government,"m.s. applied stats, b.s. math",6 years as statistician at environmental consulting firm,offered but not needed . no signing bonus.,bonuses yes but tbd as i started after bonuses went out. 6% match for retirement.,,,,"washington dc, us",gs-11,,USD,1.0,
2021,1,founder programmer,5 years,"oregon, usa.",$10k,software,msc in computational linguistics.,30y as professional programmer in different big tech.,stock and/or recurring bonuses: 8m shares. bootstrapped,total comp: 10k,,,5.0,us,$10k,10000.0,USD,1.0,10000.0
2021,1,data scientist,~1 year,silicon valley,"$170,000 base salary",mid-sized startup,ms in statistics,,"none, i'm a local! no signing bonus either.",,"$224,000",,1.0,"bay area, us","$170,000  ",170000.0,USD,1.0,170000.0
2021,1,senior analytics engineer,2 months,"london, uk","Â£70,000",consumer goods,ms stats,around 7 years in related fields,,,,,0.16666666666666666,"london, uk","Â£70,000",70000.0,GBP,0.8326305514885309,84070.90020280647
2021,1,data analytics & reporting lead,3 months,"remote, dallas tx","$110,000",healthcare,"ms data analytics, ms healthcare analytics, doctoral student - graduation 2023","new grad, self-employed",â—¦ $internship analytics intern for fitness app,"annual bonus: $10,000","$120,000",,0.25,"dallas, us","$110,000",110000.0,USD,1.0,110000.0
2021,1,junior data scientist,2 months,"glasgow, uk","Â£27,000",fintech startup,"meng mechanical engineering, msc machine learning",three month ds internship,"total comp: Â£27,000",,,,0.16666666666666666,uk,"Â£27,000",27000.0,GBP,0.8326305514885309,32427.347221082495
2021,1,head of data scientist and machine learning engineering,1 yrs,south,$240k,finance,msc ds,"10 years from ds, sr ds, manager ds, sr mgr ds, director ds",na,$$$,$300-400k,,1.0,south,$240k,240000.0,USD,1.0,240000.0
2021,1,data scientist,3 years,"office  bengaluru, india",rupees 21 lakhs per annum,brewery,b tech mechanical engineering,3 years as data scientist,,,,,3.0,india,rupees 21 L per annum,2100000.0,INR,79.93948267447536,26269.87228015336
2021,1,senor data analyst,new to the company,bentonville ar,$110k usd,mid size real estate company,bachelors in analytics studying masters in analytics,2-3 years in analytics / reporting positions,none,15% cash bonus,121k total comp,,,"bentonville, us",$110k usd,110000.0,USD,1.0,110000.0
2021,1,senior data scientist,5 years,"atlanta, us",$120k,retail/marketing,"stem undergrad, ms business analytics","2 years senior analyst, 2 years ds, 1 year sds",$coop: none,relocation/signing bonus: $5k,,,5.0,"atlanta, us",$120k,120000.0,USD,1.0,120000.0
2021,1,senior data scientist,3yr,nyc,"$114,000",healthcare,phd bioinformatics,1st job,$5000,none,"$114,000",,3.0,"new york, us","$114,000",114000.0,USD,1.0,114000.0
2021,1,senior analytics analyst, 2.5 yrs,southwest us,"~$95k base , ~$15k bonus",financial services & banking,bs in applied math & bba economics,data analyst/sr. data analyst in insurance,internship/coop: risk analytics co-op while in college,relocation/signing bonus: none,"stock/recurring bonuses: espp , ~$15k company and performance based bonus.",,2.5,us,~$95k  ,95000.0,USD,1.0,95000.0
2021,1,director data science,4 years,fully remote,"$147,000",digital healthcare,"bs, biology; ms, wildlife and fisheries sciences","9 years in research, statistics, biostatistics, and financial/management consultation",$0,$0,~$154k with shitty 401k matching,,4.0,remote,"$147,000",147000.0,USD,1.0,147000.0
2021,1,machine learningops engineer,just starting,"berlin, germany",Â´â‚¬70k,steel industry,"almost msc, [ba economics]",data related jobs for 3 years,,,,,,germany,Â´â‚¬70k,70000.0,EUR,0.9760858955588092,71715.0
2021,1,data scientist,2.5 years in current role,seattle,$203k,faang/tech,masters economics,5 years . interned at the retail company for 2 semesters of masters before being hired full time.,relo fully handled plus three months rent  and bd $20k signing bonus.,"stock and bonus: $400k initial sign on equity grant, ~$100k rsu grants per year, 15% annual bonus. equity on 4 year equal vesting starting immediately.","current stock price ~$350k, 6 month a ago stock price ~$450k ðŸ˜….",,2.5,"seattle, us",$203k,203000.0,USD,1.0,203000.0
2021,1,analytics solutions architecture lead,3 yrs,major metro area,135k,agency,bachelors - non computer science,10 years as analyst,na,have had a few spot bonuses,145k,,3.0,major metro area,135k,135000.0,USD,1.0,135000.0
2021,1,associate data scientist,< 1 year,chicago,"$96,000","large corporation in tech, not faang",ms data science,almost a year as a data analyst for an internship,"$10,000 signing",none,"$106,000",,1.0,"chicago, us","$96,000",96000.0,USD,1.0,96000.0
2021,1,product owner will transition into associate data scientist within a year,1 year 3 months,nj / remote,$100k,big pharma,finish my ms in data science july 2022,4yrs split between finance and real estate analytics,0,0,~$100k,,0.08333333333333333,"new jersey, us",$100k,100000.0,USD,1.0,100000.0
2021,1,data analyst and project manager,"3 years total, .5 with current company",twin cities,$80k,small education nonprofit,bs in me from ivy,2.5 years in marketing data science/analytics,,,,,3.0,twin cities,$80k,80000.0,USD,1.0,80000.0
2021,1,machine learning engineer,2 months,"atlanta, ga us","80k, renegotiate after probationary period.",cybersecurity,"bs mathematics cs minor, ms computational stats in progress.",2 years research in undergrad .,relocation/signing: n/a,stock/bonuses: up for negotiation after probationary period,80k,,0.16666666666666666,"atlanta, us",80k,80000.0,USD,1.0,80000.0
2021,1,data specialist,1 yr,medium col,$86k,biomanufacturing,"b.s. bioengineering, half way done online masters of analytics","1 yr fermentation operator, 3 years process engineer",stock and/or recurring bonuses: 5% bonus 5% profit sharing,total comp: $100k,,,1.0,medium col,$86k,86000.0,USD,1.0,86000.0
2021,1,research associate,4 months,toronto,63k cad,marketing insights and analytics,"master of spatial analysis, hba in city studies, applied stats and gis",,,,,,0.3333333333333333,"toronto, canada",63k cad,63000.0,CAD,1.2946803318692046,48660.660434258134
2021,1,data scientist,1.7 years,sf bay area,$130k,biotech startup,ms statistics,one internship before this job,none,"$10k bonus, options that are of uncertain value",$140k,,1.7,"bay area, us",$130k,130000.0,USD,1.0,130000.0
2021,1,senior data analyst,1 month,san francisco,"$140,000",self-driving car,,,$10k sign on,,~$216k,,0.08333333333333333,"bay area, us","$140,000",140000.0,USD,1.0,140000.0
2021,1,senior data scientist, about 5 years,remote,150k base.,company: sales and marketing for a big tech company.,ms,prior exp: just got this offer few days back. before i worked in a start up for 3.5 years. i was the only ds in the company so responsible for everything related to data like getting requirement to model building to putting into production. before that worked as a ds for a top automaker and an it company.,bonus: 8% and 7k towards 401k.,,,,,remote,150k .,150000.0,USD,1.0,150000.0
2021,1,senior product scientist,8 months,"austin, tx","$120,000",tech,bs business admin undergrad + 3 month ds immersive bootcamp,4 years business intelligence .,none,,"~$150,000 - $160,000 .",,0.6666666666666666,"texas, us","$120,000",120000.0,USD,1.0,120000.0
2021,1,data specialist,~.5 year,chicago,"$80,000",e-commerce,bs stats,~1 year in analyst role,stock and/or recurring bonuses: $3000 eoy bonus for 2021,"total comp: $83,000",,,0.5,"chicago, us","$80,000",80000.0,USD,1.0,80000.0
2021,1,data analyst, < 1 year,"large city in midwestern us, but temp full remote","$65,000",health tech,"b.sc. and m.sc. in an unrelated stem field, post-bach  in applied math","experience: 3 years scientific research, 1 year previous experience as a data analyst",,,,,1.0,"los angeles, us","$65,000",65000.0,USD,1.0,65000.0
2020,1,senior data scientist,1 years,tennessee usa,"104,000",financial,masters in mathematics,5 years as data scientist,0,19% bonus,"~130,000",,1.0,"tennessee, us","104,000",104000.0,USD,1.0,104000.0
2020,1,data science consultant,2 years,washington dc,"$98,000",fedgov,ms/mba,"3 years data analysis, plus prior military experience",stock and/or recurring bonuses: $2000,"total comp: $100,000",,,2.0,"washington dc, us","$98,000",98000.0,USD,1.0,98000.0
2020,1,softwate engineer,1 and half years,lebanon,"15,000",digital company,bachelor degree,worked at 2 banks and a digital company.,0,~800,"~15,800",,1.0,lebanon,"15,000",15000.0,USD,1.0,15000.0
2020,1,data scientist,~1 year,nyc,"$100,000",pe/vc,ms,"4 internships - 3 as a ds, plus research projects in the same industry. no full time experience.","$5,000 signing bonus",15-25% annual bonus,"$105,000",,1.0,"new york, us","$100,000",100000.0,USD,1.0,100000.0
2020,1,crm analyst,2 years.,ireland.,"â‚¬48,000.",retail - fashion.,"bsc maths, msc computer science.",1 year experience as a data science consultant for big 4 accounting firm.,n/a.,10%.,~â‚¬53k.,primary tools: python & sql.,2.0,ireland,"â‚¬48,000.",48000.0,EUR,0.9760858955588092,49176.0
2020,1,principal data scientist,6 months,sf bay,"185,000",software startup,phd,"7 years academia, 2 years product mangement","10,000","180,000","375,000",,0.5,"bay area, us","185,000",185000.0,USD,1.0,185000.0
2020,1,senior engineering lead,8years,usa/canada,$155k,oil and gas,bachelors in engineering,4 years,n/a,$70k,"$225,000",,8.0,canada,$155k,155000.0,USD,1.0,155000.0
2020,1,data scientist,1.5 years,kansas city metro,"$89,300",large tech company,ms applied statistics,6 years data analyst,n/a,1.5% annual,"$90,673",,1.5,"kansas, us","$89,300",89300.0,USD,1.0,89300.0
2020,1,staff data scientist,2 years,d.c. metro,"$120,000",defense,m.s in geoinformatics; working on phd,"2.5 years data science, 3 years data analyst",$0,stock/recurring bonus: $0,"$120,000",,2.0,"washington dc, us","$120,000",120000.0,USD,1.0,120000.0
2020,1,modeling analyst,6mo,dc,"$70,000",insurance,bs in management  from a top undergrad business school,,--,"$2,500 at 6mo mark","$72,500",,0.5,"washington dc, us","$70,000",70000.0,USD,1.0,70000.0
2020,1,senior data engineer,6 months,remote/west coast,"$140,000",consulting,ms/mba - ivy league,5+ years software/bi engineering,"stock and/or recurring bonuses: $20,000","total comp: $160,000",,,0.5,"west coast, us","$140,000",140000.0,USD,1.0,140000.0
2020,1,associate finance manager data science,11 months,new jersey,"93,000",cpg/financial planning & analysis,ms in data science,"3 - 4 years in data analyst role.  creating reports, manipulate data, some exposure to sql in work.","6,000","no stocks, bonuses are still being computed","~ 100,000",,0.9166666666666666,"new jersey, us","93,000",93000.0,USD,1.0,93000.0
2020,1,data scientist intern,1 year,brussels,1400,small pharmaceutical,master,,0,0,0,,1.0,us,1400,,USD,1.0,
2020,1,insights consultant,2 years,new jersey. united states of america.,"$150,000 + ~7% bonus",market research,masters,~12 years,none,none,"$160,000",,2.0,"new jersey, us","$150,000 + ~7% bonus",150000.0,USD,1.0,150000.0
2020,1,lead data scientist,3 yrs,chicago,"120,000",small consultancy,"ba, ma",2 years in related field,n/a,n/a,"120,000",,3.0,"chicago, us","120,000",120000.0,USD,1.0,120000.0
2020,1,data scientist, ~ 6 months,"cambridge, ma","$118,000",company /  tech start up,ba from an lac in math,~ 6 months,reloc bonus: $2k,signing bonus: $0,total: $120k + options,,0.5,uk,"$118,000",118000.0,USD,1.0,118000.0
2020,1,data scientist,"almost 2 years in this position, 1 year as a data analyst at a previous company",nyc,110k,company/  content,masters,boot camp and 1yr as a data analyst,,,,,,"new york, us",110k,110000.0,USD,1.0,110000.0
2020,1,machine learning engineer,1 year,"minsk, belarus",33k,e-commerce,ms in applied maths,2.5y,-,-,33k,,1.0,us,33k,33000.0,USD,1.0,33000.0
2020,1,senior quantitative modeling analyst,2 years,dc,"$125,000",banking,bs in computer science,5 years at another company as a junior qa,"$5,000 signing bonus my first year","$25,000 performance bonus","$150,000",,2.0,"washington dc, us","$125,000",125000.0,USD,1.0,125000.0
2020,1,senior principal data scientist,2.5 years,upper midwest,"$160,000",healthcare,msc in palaeoeconomics,6 years of ai/ml healthcare experience prior to current role,none,$25k yearly bonus and discounted stock purchase,"$185,000 + cheap stock",,2.5,"midwest, us","$160,000",160000.0,USD,1.0,160000.0
2020,1,data analyst,2yrs,denver,"$67,000",travel,bachelors,2yrs of analytics,stock and/or recurring bonuses: 5% bonus,"total comp: $70,000",,,2.0,"denver, us","$67,000",67000.0,USD,1.0,67000.0
2020,1,data scientist,< 6 months,germany,55kâ‚¬,e-commerce,msc information system,3 internships,0,0,paid vacation: 30 days,total comp: 55kâ‚¬,0.5,germany,55kâ‚¬,55000.0,EUR,0.9760858955588092,56347.5
2019,1,machine learning engineer,1year,seattle,$295k,saas,ms,"~15yrs, several faang-ish companies",$75k,"$75k bonus, $270k rsu's per year",$640k,,1.0,"seattle, us",$295k,295000.0,USD,1.0,295000.0
2019,1,manager data analytics science,1yr,pennsylvania lcol area,"$160,000",utility,bs risk analytics | ms data science,9 yrs in various analytical roles  for federal government.,stock: ~$20k-50k,recurring bonuses: ~$20k-50k,~$200k-260k,,1.0,"pennsylvania, us","$160,000",160000.0,USD,1.0,160000.0
2019,1,data engineer,1.5 years,down under,$119k,media,bachelors,2 years of risk analyst/data analyst,stock and/or recurring bonuses: 10% target bonus + share scheme,total comp: ~133k,,,1.5,down under,$119k,119000.0,USD,1.0,119000.0
2019,1,data analyst,1.5 yeaers,atlanta,$60k,the home depot/retail,"bs: accounting, graduate 2020",5 months as a pricing analyst at a real estate company,5% of salary,6% company match if i recall correctly,$63k,,1.5,"atlanta, us",$60k,60000.0,USD,1.0,60000.0
2019,1,marketing manager,2 years,socal,$128k,healthcare,"bs, business","10 years, marketing analysis",$5k,10%,$140.8k,,2.0,"socal, us",$128k,128000.0,USD,1.0,128000.0
2019,1,data analyst,10 months,germany,"$64,5k",medtech,econ phd,prior experience,na,$5.5k **,~$70k,,0.8333333333333334,germany,"$64,5k",64500.0,USD,1.0,64500.0
2019,1,data analyst,start date set in september,nj,"$84,000",consumer packaged goods,2 b.s. data science & applied statistics,,$5k signing bonus,8% eoy target bonus,$95k,,,"new jersey, us","$84,000",84000.0,USD,1.0,84000.0
2021,2,senior data scientist lead,8 years,st louis,"$137,500",large corporation in biotech/agrotech,phd,joined current employer directly out of grad school,full relocation costs + $5500,,"$183,000",,8.0,"st louis, us","$137,500",137500.0,USD,1.0,137500.0
2021,2,data scientist,"4 month internship, 4 months current role","vancouver, bc",$90k,mid-size non tech,"phd, physics",2 years various part-time and contract ds/da work,none,"~10% profit sharing, ~10% performance bonus",~$108k,,0.3333333333333333,canada,$90k,90000.0,USD,1.0,90000.0
2021,2,senior staff data scientist,3 years.,"was in the bay area, now fully remote in a mcol area","$240,000","tech, not faang","ms in mathematics, dropped out of a phd program after masters","13 years, pretty much all of it in the data / ml space.",0,"30% of my base salary as cash bonus, which translates to $72k, and ~$570k per year based on current valuation of stock.",~$882k per year,,3.0,"bay area, us","$240,000",240000.0,USD,1.0,240000.0
2021,2,data scientist,just accepted,illinois,"100k, 14% bonus",caterpillar,"marketing undergrad, mba, self taught analytics and stats",,,,,,,"illinois, us",100k,100000.0,USD,1.0,100000.0
2021,2,graduate trainee data scientist,2 months,"buckinghamshire , uk","Â£27,000",waste management,bsc applied mathematics,none,"total comp: Â£27,000",,,,0.16666666666666666,uk,"Â£27,000",27000.0,GBP,0.8326305514885309,32427.347221082495
2021,2,head of machine learning,< 1 year,germany,"$120,000",startup,phd,"2 years ds, 2 years lead ds",no,"$20,000 yearly bonus","$140,000",,1.0,germany,"$120,000",120000.0,USD,1.0,120000.0
2021,2,process data scientist,7 months,sf bay area,$150k,semiconductors,cheme phd,brief stint as a postdoc + 3.5 years as che,0,rsu comes out to ~20k/year and bonus is set to 20%,$200k,,0.5833333333333334,"bay area, us",$150k,150000.0,USD,1.0,150000.0
2021,2,decision scientist,8 months,office  denver,"$100,000",late stage tech startup,ma economics,"7.5 years at a marketing agency, 5 as qa/swe, 2.5 as data scientist",none,,"~$130,000",,0.6666666666666666,"denver, us","$100,000",100000.0,USD,1.0,100000.0
2021,2,ai engineer,3 months,"london, uk","Â£50,000",consulting,"msc software development, beng mechanical engineering",2 yoe machine learning engineer,"total comp: Â£50,000",,,,0.25,"london, uk","Â£50,000",50000.0,GBP,0.8326305514885309,60050.643002004625
2021,2,data scientist soon to be machine learning engineer,1 year,,"$80,000 -> tbd",health tech startup,"bs computational data science, minor in statistics",2.5 yoe,n/a,< 0.4% amounting to $7000,,,1.0,,"$80,000 -> tbd",80000.0,USD,1.0,80000.0
2021,2,senior product analyst,3.5 years,"bay area, ca",$180k,youtube,level: l5,education: phd,prior experience: at a faang for 4.5 years,stock: $160k granted/$300k vested,annual bonus: $30k,total comp: $370k,3.5,"bay area, us",$180k,180000.0,USD,1.0,180000.0
2021,2,data science manager,> 5 years,hcol,~250k,large public tech company,"phd, math",minimal,total comp: $1.05mm,,,,5.0,,~250k,250000.0,USD,1.0,250000.0
2021,2,senior data analyst,5 mo. 4.5 yrs total,company: pnw. me: ohio,110k,sas saas startup,bachelors in mathematics,da/bi/ds entry to managerial,n/a,stock. begins vesting after 1 year,110k,,0.45,"ohio, us",110k,110000.0,USD,1.0,110000.0
2021,2,senior data scientist, 3 years,"london, uk but fully remote","$92,000 approximately",logistics,bsc mathematics,6 years as a data analyst,bonus: upto 18% depending on company performance,,,,3.0,"london, uk","$92,000 approximately",92000.0,USD,1.0,92000.0
2021,2,incoming data analyst developer,"4 month internship / training, then na",fully remote,$75k,accounting / tax consulting,finishing msc,na,relocation / signing bonus: none,"bonuses depending on clientâ€¦not sure, havenâ€™t started yet",at least $75k,,0.3333333333333333,remote,$75k,75000.0,USD,1.0,75000.0
2021,2,director of data science,1 year,minnesota,"$185,000",health/wellness,phd,2 years ds manager,stock and/or recurring bonuses:,"total comp: ~$200,000.",,,1.0,"minnesota, us","$185,000",185000.0,USD,1.0,185000.0
2021,2,data analyst, starting shortly,"florida, usa","$125,000",finance/investment,bs/ms in industrial engineering,8 month internship as industrial engineer,"signing bonus: $10,000","stock/bonus: $10,000 in equity, eligible for annual bonus","$135,000 - $145,000",,,"florida, us","$125,000",125000.0,USD,1.0,125000.0
2021,2,data scientist, ~2y,bay area,$160k,faang,bs+ms,,$25k,"~$190k/yr stock after appreciation, ~20% annual bonus",~$390k,,2.0,"bay area, us",$160k,160000.0,USD,1.0,160000.0
2021,2,data scientist,< 1 year,lcol,$120k,big n,"stem undergrad, analytics masters","1 year ds, 3 years da",$coop: none,relocation/signing bonus: $5k,,,1.0,,$120k,120000.0,USD,1.0,120000.0
2021,2,quantitative modeling data science,4ish years,pittsburgh pa,$115k,finance / banking,ms applied math,engineering in steel and ds in healthcare,n/a,yes,,,4.0,"pittsburgh, us",$115k,115000.0,USD,1.0,115000.0
2021,2,senior machine learning engineer, 1 year,"office in sf, i work remote",200k,"company: publicly traded tech, probably a tier below faang",ms statistics,7 years exp in various ds and da roles,"stock: 10% yearly bonus, 100k equity per year, although stock performance isn't great these days",tc: 320k,,,1.0,"bay area, us",200k,200000.0,USD,1.0,200000.0
2021,2,senior data scientist,< 1 year at this position. held 3 ds positions at 3 companies in 2 years.,nyc / remote,205k,tech,ba poli sci,"4 years data analyst, 2 years ds",stock and/or recurring bonuses: $297k rsus  yearly,total comp: $502k,,,1.0,"new york, us",205k,205000.0,USD,1.0,205000.0
2021,2,lead data scientist,1.5 years,"sÃ£o paulo, brazil",$55k usd,tech/o&g/mining/iot/other pre-ipo spinoff .,"bs geological engineering, ms mechanical engineering",2.5 years as a ds in oil exploration between startups and a f500 o&g company.,"stock and/or recurring bonuses: no idea, i have equity but the company is less than a year old*.",,,,1.5,brazil,$55k usd,55000.0,USD,1.0,55000.0
2021,2,analytics engineering manager,"1 year current role; 6 prior years along data analyst track, ending at sr data analyst","pacific northwest, usa",$150k,saas,bs economics; ba intâ€™l studies,4 years customer success,none,15% bonus; ~$70k annual rsus.,~$240k,,1.0,"northwest, us",$150k,150000.0,USD,1.0,150000.0
2021,2,data scientist,4 years at company,montreal,95k$,oil and gas,bachelor in mechanical engineering,none,n/a,10%,,,4.0,montreal,95k$,95000.0,USD,1.0,95000.0
2021,2,data scientist,2 years,sf/bay area,$187k + bonus,"startup, tech.",none.  i got in before the ds title was used in silicon valley.,11 years,$coop:  no.,"relocation/signing bonus:  no, but they tend to do that here.",,,2.0,"bay area, us",$187k + bonus,187000.0,USD,1.0,187000.0
2021,2,senior data scientist applied scientist,offer,nyc,175k,e-commerce,"bs, ms in math/stats",3 yoe,"stock and/or recurring bonuses: 10% target bonus, 400k/4 years",total comp: 292k,,,,"new york, us",175k,175000.0,USD,1.0,175000.0
2021,2,vp of data science,"6 years: 1 @ vp, 2 @ director, 2 @ manager, 1 @ data scientist",boston area. wfh optional. i go in 1-2 days/week.,"$200k base, $40k bonus target","marketing agency, ~500 people",phd in stem field. ba in physics.,"postdoc related to phd, then insight data science",none,stock: equity bonus equivalent to about 10% of salary yearly,~$260k,,6.0,"boston, us",$200k ,200000.0,USD,1.0,200000.0
2021,2,data analyst,accepting in a couple of days,"london, uk",50k gbp,fintech,bsc maths with stats,2 years data analyst,"bonus:  up to 15%, typically 10% apparently",,,,,"london, uk",50k gbp,50000.0,GBP,0.8326305514885309,60050.643002004625
2021,2,data scientist,3 years,midwest but i wfh,$88.5k,healthcare,"b.s. physics, working on m.s. computer science",academic researcher,-,"private company, no bonuses",$88.5k + full tuition assistance,,3.0,"midwest, us",$88.5k,88500.0,USD,1.0,88500.0
2021,2,solutions architect,6 months,wfh,"$160,000",consulting,"masters in business intelligence, undergrad in economics with a concentration in computer science",3 years with telecommunications company,$5k,qtrly bonus- 20% of my salary during that period ~$8k qterly = $32k annual,$192k,,0.5,remote,"$160,000",160000.0,USD,1.0,160000.0
2021,2,ds quant,1.5 years,washington dc,$150k,finance,ms ds,no industry experience.,stock and/or recurring bonuses:,total comp: $190k,,,1.5,"washington dc, us",$150k,150000.0,USD,1.0,150000.0
2021,2,staff swe machine learning,6 months,sf bay area,$300k,tech,phd,"5yrs postdoc, 4yrs industry",0,~$500k,~$800k,,0.5,"bay area, us",$300k,300000.0,USD,1.0,300000.0
2021,2,product analyst,2 mo,"seattle, wa",$125k,fintech unicorn,,1Â½ yoe at another fintech unicorn as an analyst,0,"$300k over 4 years, no bonuses",$200k  however fluctuates with stock value.,,0.16666666666666666,"seattle, us",$125k,125000.0,USD,1.0,125000.0
2021,2,date engineer,9 months,"manchester, uk","Â£44,000",finance,masters,3 years consultancy,$internship,$coop,relocation/signing bonus:  0,,0.75,uk,"Â£44,000",44000.0,GBP,0.8326305514885309,52844.565841764066
2021,2,data analyst,1year +,singapore,"$40,320",bank,bsc finance & economy,fresh grad,,,,,1.0,singapore,"$40,320",40320.0,USD,1.0,40320.0
2021,2,product data scientist,2 years,toronto,"$113,000 cad",fin tech,ba sociology,joined current employer through acquihire,,,"~$173,000 cad",,2.0,"toronto, canada","$113,000 cad",113000.0,CAD,1.2946803318692046,87280.23220747888
2021,2,head of <program related to data science>,6 yoe in tech + 2 in a startup in a pseudo technical role,"upper midwest, usa, medium cost of living city",$150k,500-employee saas company,master's in computer science,technical product manager at a startup,n/a,"profit sharing $0-22,500. probably $15-22.5k this year.",,,6.0,"midwest, us",$150k,150000.0,USD,1.0,150000.0
2021,2,data analyst,1yr,south carolina,$70k,secured loan financing,bs data science,"n/a, first job after undergrad",n/a,"depends, ~$500",,,1.0,"south carolina, us",$70k,70000.0,USD,1.0,70000.0
2021,2,hpc systems engineer i build the stuff your science runs on i have been an infrastructure architect in past lives,less than a year,"ny-based, remote. i never actually go in.","$186,000",healthcare ai startup,college dropout,about 10 years at fortune 50s prior,"$7,500","15,000 options. 25% target bonus",$247.5k,,,"new york, us","$186,000",186000.0,USD,1.0,186000.0
2021,2,economist senior data scientist,3 months,"london, uk","Â£84,000",american well-known  tech firm,"msc economics, msc data science",2 yoe in econ research in america,"signing bonus: Â£5,000",stock and/or reoccurring bonuses: ~2k  stock - didnâ€™t push very hard on this cause taxes on stocks are a nightmare for americans living abroad,"~Â£9k bonus, paid twice yearly",,0.25,"london, uk","Â£84,000",84000.0,GBP,0.8326305514885309,100885.08024336776
2021,2,data science research assistant,2 months,north of spain,15kâ‚¬,university,currently involved on a degree,"4 months, same position, other laboratory",total comp: none lol,,,,0.16666666666666666,spain,15kâ‚¬,15000.0,EUR,0.9760858955588092,15367.5
2021,2,senior director,<1 year,remote,$250k,tech,phd in engineering,8 years,$15k,$100k,$350k,,1.0,remote,$250k,250000.0,USD,1.0,250000.0
2021,2,quantitative ux researcher,5 years,sf bay area/nyc,$160k,google,b.s. mathematics,n/a,"stock and/or recurring bonuses: $30k bonus, $110k rsus",total comp: $300k,"low to medium stress job, average 40 hours a week.",predominately use r and sql in my role.,5.0,"new york, us",$160k,160000.0,USD,1.0,160000.0
2021,2,data scientist,3 years,london,"â‚¤75,000",legal tech,msc,4x ds internships,â‚¤3000 relocation,,"â‚¤85,000",,3.0,"london, uk","â‚¤75,000",75000.0,USD,1.0,75000.0
2021,2,senior data scientist,-  2 years,"-  cambridge, u.k.",-  60k,-  tech,"-  phd physics, mphys",-   research fellow at cern,- bonus: 3%,- stock: Â£45k vesting schedule over 3 years,"-  Â£76,800",edited for correction,2.0,uk,-  60k,60000.0,USD,1.0,60000.0
2021,2,senior data scientist,4+ years,"houston, tx","$155,000",mid-size tech company,master's in applied statistics,2+ years actuarial experience,"$15,000 signing bonus",20% annual bonus,"$200,000",,4.0,"texas, us","$155,000",155000.0,USD,1.0,155000.0
2021,2,senior data scientist,13+ years,sf bay area,base  225k,faang,ms in industrial engg,signon: 100k,stock: 500k,bonus: 10%,425k,,13.0,"bay area, us",  225k,225000.0,USD,1.0,225000.0
2021,2,data analyst,5 months,"arlington, va","$110,000",public/federal subcontractor,bachelor's science quantitative finance,"2 years in finance, 3.5 years in automotive, both similar positions in scope.",na,na,,,0.4166666666666667,"virginia, us","$110,000",110000.0,USD,1.0,110000.0
2021,2,data scientist consultant,11 months,dc,$104000,government consulting,ms in applied math,zilch,10k,15k + 12k,"$131,000",,0.9166666666666666,"washington dc, us",$104000,104000.0,USD,1.0,104000.0
2021,2,senior data scientist,3 months,new england area,$160k/year,saas,"bs. mech engineering, ms. computer science","3 years as mech eng in medical devices, 2 years as ds at another company",$internship 3 internships as a mech eng in undergrad,$coop,relocation/signing bonus: n/a,,0.25,uk,$160k/year,160000.0,USD,1.0,160000.0
2021,2,data scientist ii,< 6 months,seattle,"$145,000",large corporation in tech,b.s.,4 years in data science at mid-size consultancy,"full relocation costs + $70,000 signing bonus","rsus vesting over 4 years ,","$250,000",,0.5,"seattle, us","$145,000",145000.0,USD,1.0,145000.0
2021,2,data scientist,2 months,"ohio, usa","$110,000",technology,ms comp. sci.,prior experience : 1 year ds,"relocation/signing bonus : <500 shares in non-ipo'd company,","stock and/or other bonuses: ~$2,500/annually, insurance premium covered","~$115,000",,0.16666666666666666,"ohio, us","$110,000",110000.0,USD,1.0,110000.0
2021,2,data scientist,2 yoe,lcol midwest town,$108k,telecom,"undergrad business, masters statistics","1 yoe data analyst/bi, 1 yoe ds",n/a,"rsu: 3k/yr, bonus: target 10%  based on company performance",,,2.0,"midwest, us",$108k,108000.0,USD,1.0,108000.0
2021,2,manager data science, 3yrs,"lcol area , also now full remote.",$165k,f500 utility company,"bs risk analysis, ms data science","prior exp: 12 years in data centric fields. previously for some large contracting companies, and for the government .",been a few years now - but i think it was 10k/5k .,"stock/bonus: ~$30k rsus, ~$30k bonus","~$230,000",,3.0,remote,$165k,165000.0,USD,1.0,165000.0
2021,2,data scientist,8 months,midwest,"$65,000",transportation planning,ba,"none, straight from bachelors to masters to employment",none,try telling the american taxpayer that their hard earned cash needs to go toward the bonuses of bureaucrats,"$65,000",,0.6666666666666666,"midwest, us","$65,000",65000.0,USD,1.0,65000.0
2021,2,senior data scientist,5 yoe,"bay area, ca",$160k,faang,bachelors,"ds related experience, 4 companies",n/a,rsu/bonus ~ 190k,,,5.0,"bay area, us",$160k,160000.0,USD,1.0,160000.0
2021,2,senior machine learning engineer,3mo,"sf, remote from canada","$175,000",tech startup,msc stats,"2 years mle, 1 year lead mle",stock and/or recurring bonuses: 10% bonus + $70k/$0 stock options per year,"total comp: ~$190,000-$260,000",,,0.25,"bay area, us","$175,000",175000.0,USD,1.0,175000.0
2021,2,principal data scientist,3.5 years,arkansas/remote,$190k,consulting/saas,phd,5 years working as both a consultant and a senior manager of consumer research in a fortune 50.,stock: private equity currently worth about $30k/yr,bonus: ~$20k/yr,$240k,,3.5,"kansas, us",$190k,190000.0,USD,1.0,190000.0
2021,2,data scientist,~6 months,"hcol, us",125k base,healthcare,bachelors,2 years as analyst,"stock and/or recurring bonuses: ~10% bonus, 170k rsus",total comp: $180k,,,0.5,us,125k ,125000.0,USD,1.0,125000.0
2021,2,senior applied scientist,5 years,sf bay area,$185k,major public tech company,bs/ms/phd in chemical engineering,"none, still at first job after phd",bonus/stock: $35k target bonus; ~$160k in rsu per year,total comp: ~$380k,,,5.0,"bay area, us",$185k,185000.0,USD,1.0,185000.0
2021,2,senior data scientist,0.5 years,"manhattan. wfh guaranteed, office optional forever at my company.","$130k base, 5%-20% bonus based on performance and company performance",crypto,"bs mathematics, bsm finance","2 years professional at my old company . prior to professional career: summer ds bootcamp, software engineering bootcamp, ds internship.",none,"stock: at first valuation of company, $94k",~$250k,,0.5,"new york, us",$130k ,130000.0,USD,1.0,130000.0
2021,2,data science manager,6 years starting as ds,"midwest, fully remote","~130,000",market research,"ba econ, ms analytics",2 years as data analyst,"bonuses: ~30,000","total comp: ~160,000",,,6.0,"midwest, us","~130,000",130000.0,USD,1.0,130000.0
2021,2,data scientist product analytics,2.5 years,chicago,$120k,tech,"ba in communication, almost done with an ms data science","10+ years in marketing, 3 years in marketing analytics",$15k,$22k rsus,$142k,,2.5,"chicago, us",$120k,120000.0,USD,1.0,120000.0
2021,2,senior data scientist,4 years,minneapolis,185k,tech,masters,,$coop na,relocation/signing bonus: 40k,,,4.0,"minneapolis, us",185k,185000.0,USD,1.0,185000.0
2021,2,director analytic strategy,<6 months,lcol city in southeast us,180k base,"f500, non tech",bs in economics,"9 years various ds/analytic roles, 5 years previous management exp",15k sign on,15% sti & 8% equity target,220k,,0.5,us,180k ,180000.0,USD,1.0,180000.0
2021,2,director of data science,4 years,east coast city not nyc,"$220,000",energy,masters econ,4 years at other companies prior to current role,na,10k per year roughly,"$230,000",,4.0,"east coast, us","$220,000",220000.0,USD,1.0,220000.0
2021,2,senior data scientist,6 months,"nyc, but working remotely",$125k,media analytics,msc data science,3 years data scientist,n/a,$20k bonus,~$145k,,0.5,"new york, us",$125k,125000.0,USD,1.0,125000.0
2021,2,data scientist,"2 years at this company, 9 years industry experience",sf bay area,"$178,000",company  analytics software,"ma, international relations","7 years of ds roles, 2 years in another industry","$20,000",,"$204,700/yr, total netted during 2 year tenure: $1,159,400",,2.0,"bay area, us","$178,000",178000.0,USD,1.0,178000.0
2021,2,data analyst,3.5 years,"richmond, va","$66,800",large bank,bba in computer information systems and i will complete an ms in data analytics engineering in fall of 2023,joined the company straight after undergrad,none,100% match on 401k investments up to 6% of salary,~70k,,3.5,"virginia, us","$66,800",66800.0,USD,1.0,66800.0
2021,2,senior data analyst,3 yrs,hybrid in office and remote. 3 days in office 2 at home.,"$97,000",wind turbine manufacturer,bs aerospace engineering ms technology management. self taught in all ds things,reliability engineer 5 yrs,relocation: $5-7 k i think,bonus: 10% of annual salary based on company performance,"$106,000",edit: iowa. usa,3.0,remote,"$97,000",97000.0,USD,1.0,97000.0
2020,2,data scientist,3yrs,houston,"$140,000",oil and gas,masters in applied statistics,2yrs of actuarial experience,"$15,000 signing bonus",15-30% bonus,"$140,000",,3.0,us,"$140,000",140000.0,USD,1.0,140000.0
2020,2,senior business analyst,2 months,pacific nw,"$120,000",faang,bs in completely unrelated field,4 yrs in previous sba role - 3 yrs in financial analyst role,"$45,000 yr 1 / $38,000 yr 2","$125,000 rsu","year 1 total comp = $168,000",,0.16666666666666666,"pacific nw, us","$120,000",120000.0,USD,1.0,120000.0
2020,2,senior data scientist lead,7 years,large midwestern city,"$135,000",large corporation in biotech/agrotech,phd,joined current employer directly out of grad school,full relocation costs + $5500,,"~$180,000 with full bonus and lti",,7.0,"los angeles, us","$135,000",135000.0,USD,1.0,135000.0
2020,2,data scientist,2 years,us mid-sized midwest city,74000,digital advertising,ms,5 years quality assurance/software engineering,$internship none,$coop none,relocation/signing bonus: 0,stock and/or recurring bonuses: 2000 if we meet utilization targets,2.0,"midwest, us",74000,74000.0,USD,1.0,74000.0
2020,2,senior software engineer,<6 mo,hcol major tech hub,240k,fintech,b.s. stats tier 2 school,"1 year in finance industry, 1.5 years in small tech, both as ds. 1 year co-oping at hedge funds while in school.",60k,60k,360k,,0.5,major tech hub,240k,240000.0,USD,1.0,240000.0
2020,2,data scientist,6 months,"arlington, va","$93,000",government contract,ba in mathematics,data analyst for 1.5 years,,5%,"$97,650 + ~$10,000 for education assistance = ~$107,650",,0.5,"virginia, us","$93,000",93000.0,USD,1.0,93000.0
2020,2,data scientist,< 1 year,bay area,140k,faang/tech unicorn,master's financial eng,2 internships in quant asset management/hedge fund,n/a,60k/yr options on publicly traded stock,200k,,1.0,"bay area, us",140k,140000.0,USD,1.0,140000.0
2020,2,data scientist,1 year,d.c.,"$85,000",defense,masters of science in data science,"3 years as research assistant , 1/2 year analyst intern",n/a,"$2,000","$87,000",,1.0,"washington dc, us","$85,000",85000.0,USD,1.0,85000.0
2020,2,informatics manager,1 year.,nyc/remote,160k,healthcare,phd,"2 years as a data scientist, 2 years in health it",$internship,$coop,relocation/signing bonus: na,stock and/or recurring bonuses: na,1.0,"new york, us",160k,160000.0,USD,1.0,160000.0
2020,2,analytics manager,1.5 years in this role,chicago,$107k,travel technology,"ba in communication, halfway through an msds","3 years in a prior analytics role, 12 years before that in traditional marketing roles",$15k,"12% bonus eligible annually, and merit based stock awards that start vesting after a year",$107-121k,,1.5,"chicago, us",$107k,107000.0,USD,1.0,107000.0
2020,2,data science consultant,2 years,"london, uk","base  Â£65,000",large tech company,phd,3 years as data science consultant for another similar firm,Â£5000 signing bonus in stock,,"~Â£90,000 w/ bonus, stock & benefits",,2.0,"london, uk","  Â£65,000",65000.0,GBP,0.8326305514885309,78065.835902606
2020,2,data scientist,a little over 2 years,austria,~40kâ‚¬,education: bsc in comp. sci.,prior experience: 6 month internship in ds,,,,,,,us,~40kâ‚¬,40000.0,EUR,0.9760858955588092,40980.0
2020,2,data scientist,6 months,west coast,"375,000",faang,masters,e-commerce,,0,"375,000",,0.5,"west coast, us","375,000",375000.0,USD,1.0,375000.0
2020,2,machine learning manager,starting in jan 2021,gta canada,$120k,fast food lul,msc in statistics,,,25% salary bonus. additional stock compensation after first year,$150k,,,canada,$120k,120000.0,USD,1.0,120000.0
2020,2,data scientist,1 year,the netherlands,~â‚¬40.0000,finance,technical msc,about 1.5 years of mostly internships and programming side-jobs.,-,"8% of total salary ""holiday pay"" in may + 13th month in december + â‚¬2k set bonus. total just over â‚¬9000. also significant contribution to pension plan/401k, which is mandatory here.","~â‚¬49.000, which is about $60.000 .",,1.0,netherlands,~â‚¬40.0000,,EUR,0.9760858955588092,
2020,2,data scientist,1.5 years,dallas,91k,finance,b.s. economics  2019. minor in physics,internships and research assistant,10k,n/a,91k,,1.5,"dallas, us",91k,91000.0,USD,1.0,91000.0
2020,2,machine learning engineer,1yr,"copenhagen, denmark","480,000dkk",media intelligence,"msc software development, beng mechanical engineering",18 months of internships,signing bonus: n/a,stock: n/a,78k usd,,1.0,"copenhagen, denmark","480,000dkk",480000.0,DKK,7.266861883845778,66053.27136697606
2020,2,senior data scientist,"full-time 1.5 years, half year part-time before that",boston,"$98,000",major financial services company,ms in statistical practice,pre-ds career teaching,nope,20% bonus eligible,"~ $115k annual, good benefits",,,"boston, us","$98,000",98000.0,USD,1.0,98000.0
2020,2,lead data scientist,5+ years,nyc,"$185,000",media,ms stats,a few years as an analyst,none,20%,"$220,000",,5.0,"new york, us","$185,000",185000.0,USD,1.0,185000.0
2020,2,senior data scientist,3.5 years,india,16lpa,consulting mbb,bachelors in engineering,-,0,2-3 lpa,18-19 lpa,"also, can anyone from india please help me understand if this is a good salary? as i do not have many friends in this domain",3.5,india,16L,1600000.0,INR,79.93948267447536,20015.14078487875
2020,2,quantitative researcher,1 month,hcol west coast city,"$90,000",small startup fintech,"ms math, bs physics","1 year graduate student researcher, 3 years undergraduate student researcher",none,stock options. unknown valuation,"$90,000",,0.08333333333333333,"west coast, us","$90,000",90000.0,USD,1.0,90000.0
2020,2,machine learning data scientist,1 year,san francisco,"$140,000",large delivery/logistics app,2-year data science masters . economics ba.,"2 years investment research analyst, 1yr analyst at small startup",n/a,"stock: $100,000 rsus on signing, $50,000 performance bonus. fully vested after 4 years",$140000 + however you value rsus,,1.0,"bay area, us","$140,000",140000.0,USD,1.0,140000.0
2020,2,senior data scientist,3 months into the new role,czech republic,$46k,healthcare,"bsc data science, msc quantitative finance",3 years in finance and 4 years in aeronautical industry,stock and/or recurring bonuses: 10% bonus eligible annually,total comp: $46-50k annually,,,0.25,czech republic,$46k,46000.0,USD,1.0,46000.0
2020,2,data scientist,6 months,midwest,125k,high frequency trading,bs pure math + engineering. pure math was a waste but made me look smart,a few data science internships + deep learning research,15k,70k because weâ€™re doing really well during covid,210k,,0.5,"midwest, us",125k,125000.0,USD,1.0,125000.0
2020,2,senior data scientist,2.5 years,"san francisco bay area, california","$160,000",startup / internet,phd in theoretical physics,1 year postdoc in academia,"$15,000",some options / no bonuses,"$160,000",,2.5,"bay area, us","$160,000",160000.0,USD,1.0,160000.0
2020,2,data scientist,pre-start,remote,"$125,000",very early-stage startup,phd,1 year in an adjacent field.,none,equity percentage of the company,"$125,000",,,remote,"$125,000",125000.0,USD,1.0,125000.0
2020,2,senior data analyst,3 years,seattle metro area,$130k,cloud saas,bs economics,"3 years of analytics experience, 3 years of customer success/sales",none,15% annual bonus. ~$30k annually in rsus.,~$175-180k,,3.0,"seattle, us",$130k,130000.0,USD,1.0,130000.0
2020,2,senior data scientist,2.5 years,chicago,"96,000","large, non-tech & non-finance company","ms computer science, bs computer science","internship in software engineering, various positions at my university, relevant class projects that i could talk about in interviews",none,none,"96,000",,2.5,"chicago, us","96,000",96000.0,USD,1.0,96000.0
2020,2,data scientist,3 years,southeast us,"$108,500",fintech,masters in analytics,"neuro research, salesforce db admin",0,"$3,000","$111,500","mainly in technical program manager roles running etl teams or making tableau dashboards. company has very little data science leadership, looking for an exit.",3.0,us,"$108,500",108500.0,USD,1.0,108500.0
2020,2,data scientist,9 months,seattle,125k,startup,ba in hard science,3 years as a ds prior to this role,n/a,6k-10k/year,131k-135k,,0.75,"seattle, us",125k,125000.0,USD,1.0,125000.0
2020,2,senior data scientist,1 year,nyc,"$123,500",bulge bracket banks,master's in statistics and applied math,previously worked in the advertising industry for 2 years,0,"$8,000","$131,500",,1.0,"new york, us","$123,500",123500.0,USD,1.0,123500.0
2020,2,data scientist,3.5 years,baltimore area,"$87,000",higher education,masters,1 year as data analyst at a marketing firm,,"~$8,000","~95,000",,3.5,"baltimore, us","$87,000",87000.0,USD,1.0,87000.0
2020,2,analytics project manager,1 year,dallas,70k,electronic components distribution,bachelors in industrial engineering,supply chain internships and industrial engineering internships while in college.,,,,,1.0,"dallas, us",70k,70000.0,USD,1.0,70000.0
2020,2,lead analyst analytics,1 yr,west coast,"$119,000","education: mba, ms analytics","prior experience: 3 yrs post-mba as a sr analyst, 7 yrs pre-mba non-tech engineering roles",relocation/signing bonus: $10k/$26k,stock and/or recurring bonuses: ~$21k/yr,total comp: ~140k,,,1.0,"west coast, us","$119,000",119000.0,USD,1.0,119000.0
2020,2,decision scientist,1 years,between the coasts,"105,000",saas,phd,~5 years in academia post-phd,n/a,n/a,"105,000",,1.0,between the coasts,"105,000",105000.0,USD,1.0,105000.0
2020,2,data science manager,10+ years,east coast,170k,consulting,"masters to get the job, currently working on a ph.d.","research full time for 1 year, part time/ volunteer while working for another 8, started doing professional consulting gig after.","$internship i did a research fellowship prior to moving to industry, but no internship",$coop nope,"relocation/signing bonus: $60,000","stock and/or recurring bonuses: dependent on company performance - recently was 30%, previously as high as 60%",10.0,"east coast, us",170k,170000.0,USD,1.0,170000.0
2020,2,nlp engineer,<6mo,dmv,110k,health,ba in statistics,research + an internship during undergrad. i am basically still a recent grad.,na,nope lol,110k,,0.5,"washington dc, us",110k,110000.0,USD,1.0,110000.0
2020,2,data scientist,1 year,hcol east coast,120k,e-commerce,phd engineering,post doc only,n/a,"15k bonus. at a pre-ipo startup, equity is valued around $30k/yr.","$135k, don't count equity as it's paper money",,1.0,"east coast, us",120k,120000.0,USD,1.0,120000.0
2020,2,business analyst power bi developer,7 years,houston,"$90,000",financial consulting,high school,aml compliance analyst,no,no,"$90,000",,7.0,us,"$90,000",90000.0,USD,1.0,90000.0
2020,2,senior healthcare analyst,tenure : just started,lcl northeast,"110,000",company/industry : healthcare segment of f100,education : mph and ms,prior exp:,4.2 years hospital analytics .,2.5 years hospital research,"signon: 3,000",bonus : variable 10%,,"northeast, us","110,000",110000.0,USD,1.0,110000.0
2020,2,data scientist developer,1y,austria,37k,forecasting for external clients,msc data science with some msc ai courses sprinkled in. ba.,,none,none,37k,,1.0,us,37k,37000.0,USD,1.0,37000.0
2020,2,senior data scientist,5,east coast,$140k,tech,masters,4 years,,$20k,$160k,,5.0,"east coast, us",$140k,140000.0,USD,1.0,140000.0
2020,2,quant trader,< 1 year,chicago,135k,financial services,"undergrad and masters in engineering, ms financial eng",,stock and/or recurring bonuses: 50k,total comp: 185k,,,1.0,"chicago, us",135k,135000.0,USD,1.0,135000.0
2020,2,senior credit analyst,starting next month,connecticut,"$110,000",large cable/communications company,bs in business administration,"5 years experience as a project manager, worked on a lot of automation/data related software products. data analyst for 2 years after that.",none,10% bonus,"$121,000",,,connecticut,"$110,000",110000.0,USD,1.0,110000.0
2020,2,data scientist analytics,1.5 years,bay area,160k,faang,"bs mechanical eng, mba",data analyst at non-faang large tech company,n/a,50k/yr,210k,,1.5,"bay area, us",160k,160000.0,USD,1.0,160000.0
2020,2,senior data analyst,"8 months, 3.5 years with the company",houston,60k,fintech,"self taught, no college degree",i  worked previously in banking for 6 years and then became a reporting analyst at my current company,n/a,10% if the company does well,66k,"duties include: etl, using sql to query large datasets, dashboard creation in tableau and power bi, using python for exploratory data analysis, report automation, and presenting said dashboards to executives. i totally feel like iâ€™m underpaid, but iâ€™ve only been in this role 8 months and i have no college degree, so iâ€™m afraid to jump ship.",0.6666666666666666,us,60k,60000.0,USD,1.0,60000.0
2020,2,data analyst,~1 month,sf,"$115,000",faang,bs in finance/ minor in it,it audit at accounting firm,,"stock: $100,000/ 4 years - 10% bonus","~$150,000",,0.08333333333333333,"bay area, us","$115,000",115000.0,USD,1.0,115000.0
2019,2,data analyst,7 months,minneapolis,$65k,retail,bs in math and data science,,$5k,$1.5k,$71.5k,,0.5833333333333334,"minneapolis, us",$65k,65000.0,USD,1.0,65000.0
2019,2,business intelligence engineer iii,3.5 years,seattle,"$110,000",amazon,"bachelors in psychology, masters in i/o psychology",4 years as a consultant with deloitte,"stock and/or recurring bonuses: $75,000","total comp: $185,000",,,3.5,"seattle, us","$110,000",110000.0,USD,1.0,110000.0
2019,2,data scientist,8 months,san francisco,135k,tech company,"bs in operation research, ms in data science",1.25 year at large tech company as ds,15k,65k/year,195k,,0.6666666666666666,"bay area, us",135k,135000.0,USD,1.0,135000.0
2019,2,machine learning engineer,< 1 year,d.c.,"$170,000",defense,ms cs,"data analyst: 1 year, data scientist: 1 year",~5-10k,~10%,~185-205k,,1.0,"washington dc, us","$170,000",170000.0,USD,1.0,170000.0
2019,2,data scientist,1.5 years,los angeles,"$95,500",legal,"bs economics, finishing up masters in statistics.",,none,annual bonus largely dependent on performance and state of the firm. between 5-10k,"$100,000-$105,000",,1.5,"los angeles, us","$95,500",95500.0,USD,1.0,95500.0
2019,2,data scientist,2 years,south florida,100k,financial technology,3x b.s.,2-3 years finance/it,n/a,5-10%,110k,,2.0,"florida, us",100k,100000.0,USD,1.0,100000.0
2019,2,data scientist,< 1 year,greater philadelphia area,$110k,fintech startup,phd,ds bootcamp,$internship,$coop,relocation/signing bonus: none,stock and/or recurring bonuses: didn't get around to it.,1.0,"philadelphia, us",$110k,110000.0,USD,1.0,110000.0
2019,2,data scientist,<1 year,greater philadelphia,110k,cpg,phd,none,"equity with current value ~$50k, 4yr vest",10% cash bonus,"~$120k, not counting equity",,1.0,"philadelphia, us",110k,110000.0,USD,1.0,110000.0
2019,2,analytics manager,8 month as manager; 2 prior as analyst,midwest,"$101,000 usd",health insurance,"ba mathematics, ms data science",9 years as data analyst in health care,n/a; i do get a small remote stipend,n/a,"$103,000 usd",,0.6666666666666666,"midwest, us","$101,000 usd",101000.0,USD,1.0,101000.0
2019,2,senior data analyst,2 years,india,12 lakh annully/ 16.9k usd,marketing,bachleors,11 years in data analysis,none,1lakh/1.1k usd,14 lakh/ 19.7k usd,,2.0,india,12 L annully/ 16.9k usd,1200000.0,INR,79.93948267447536,15011.355588659064
2019,2,senior data scientist,3.5 years,san francisco,$175k,tech,phd/ms/bs in engineering,still at first job,-,"~30k annual bonus target, ~$70k per year in rsu at current stock price",$275k,,3.5,"bay area, us",$175k,175000.0,USD,1.0,175000.0
2019,2,analytics manager,3 months,midwest,$103k,retail,masters in business analytics ; ba in accounting,multiple data analyst roles for the last five years,none,"8% annual bonus, divided up by overall company performance and individual performance, though i won't get one for this year since i started so late.",$110k,,0.25,"midwest, us",$103k,103000.0,USD,1.0,103000.0
2019,2,it engineer applications etl development but i technically sound 50% of my time doing dba work as well, 2.5 years,"work remotely, but live in denver","76,700",large healthcare not-for-profit,bs in physics,8 years total in various data-related positions,no,"stock/recurring bonus: pension plan, potential 5% bonus based on group goals","total compensation: ~85,000-90,000",,2.5,"denver, us","76,700",76700.0,USD,1.0,76700.0
2019,2,data scientist,starting early 2020,d.c. area,"$105,000",financial,"ms in analytics, bs in math",,1k/15k,"total comp: ~$120,000",,,,"washington dc, us","$105,000",105000.0,USD,1.0,105000.0
2019,2,data scientist,4 months,"austin, tx","$116,500",fintech,mse,,none,7.5% annual bonus,4 weeks pto,work from home as needed,0.3333333333333333,"texas, us","$116,500",116500.0,USD,1.0,116500.0
2019,2,senior data scientist,"4 years in industry, 7 in academia with ml / large data volume / optimization exerience",sf bay,$475k base,tech (already easy enough to identify me and anyone that knows typical pay structures in the bay can guess the company,phd in stem,relocation/signing bonus: relocation costs covered. no signing,stock and/or recurring bonuses: 5% of base in options,,,,4.0,"bay area, us",$475k ,475000.0,USD,1.0,475000.0
2019,2,senior data scientist,1.5 years,remote: i live in the midwest and the salary is adjusted for location,"$127,000",tech,m.a. economics,4 years,"$22,000",other benefits: worth mentioning that good health insurance is paid for 100%,"stock and/or recurring bonuses: i wanna say $24,000 rsus and $19,000 cash","total comp: $170,000",1.5,"midwest, us","$127,000",127000.0,USD,1.0,127000.0
2019,2,data analyst,0.5 years,philippines,usd 15000 per year,portofolio analytics and indices,bs applied mathematics,internship at a local bank,none,none,usd 15000 per year,,0.5,philippines,usd 15000 per year,15000.0,USD,1.0,15000.0
2019,2,senior data scientist,1 month,remote,"$165,000",ad tech,"phd, cs",5 years,n/a,quarterly bonuses,">$165,000",,0.08333333333333333,remote,"$165,000",165000.0,USD,1.0,165000.0
2019,2,data scientist,2 years,netherlands,"59,000 eur",travel,mechanical engineering,4 years,n/a,n/a,,,2.0,netherlands,"59,000 eur",59000.0,EUR,0.9760858955588092,60445.5
2019,2,algorithm developer mostly do modeling work for cyberphysical systems,3years,austin tx,$160000,oil/gas,"ms compe, bs cs",dod work.,,"$33k bonus, $100k new rsus/year",$300k,,3.0,"texas, us",$160000,160000.0,USD,1.0,160000.0
2019,2,biostatistician data scientist,6 months,miami/ft. lauderdale,52.5k,clinical research organization,b.s. statistics,7 years contracting data management services,none,comp: health insurance / 401k,stock and/or recurring bonuses: bi-annual performance-based 5% raise,,0.5,"miami, us",52.5k,52500.0,USD,1.0,52500.0
2019,2,data scientist,2yrs,houston,"$136,000",oil and gas,masters in applied statistics,2yrs of actuarial experience,"$15,000 signing bonus",15-30% bonus,"$163,000",,2.0,us,"$136,000",136000.0,USD,1.0,136000.0
2019,2,data scientist,1 year,midwest,"83,000",fortune 100,ms statistics,none,"5,000","5,000-12,000","93,000-100,000",,1.0,"midwest, us","83,000",83000.0,USD,1.0,83000.0
2019,2,data scientist,1.5 years,bay area,$155k,fb,phd in engineering,1 year non-tech company @ ~$110k comp,no internship or coop,relocation/signing bonus: $16k/$10k,stock and/or recurring bonuses: $50k stock and $15k bonus,total comp: $220k,1.5,"bay area, us",$155k,155000.0,USD,1.0,155000.0
2019,2,data scientist,2.5 yrs,"irving, tx",130k,entertainment,"msc psychology, msc data science",15 yrs,"none, local",20k,150k,,2.5,"texas, us",130k,130000.0,USD,1.0,130000.0
2019,2,data scientist,< 1 yr,nyc,165k,"healthtech, reinforcement learning",bachelor's,2 yoe in rl,"none, same city","performance based bonus, probably won't hit",165k,,1.0,"new york, us",165k,165000.0,USD,1.0,165000.0
2019,2,senior data scientist,been here 1 month,la,160k,tech,bs engineering/ ms in ds,,n/a was locall,7k stock option,,,,"los angeles, us",160k,160000.0,USD,1.0,160000.0
2019,2,data scientist,"3 months in current role, 2 years as data analyst",st. louis,"~$95,000",healthcare,masters,nothing relevant,n/a,zilch,"~$95,000",,0.25,"st louis, us","~$95,000",95000.0,USD,1.0,95000.0
2019,2,data scientist,starting spring 2020,seattle,"118,000",big tech company,"bs in cs, data science. completing ms in cs",3 data science internships,30k,"130k / 4 years, 0-20% salary bonus per year",~ 165k,,,"seattle, us","118,000",118000.0,USD,1.0,118000.0
2019,2,senior business intelligence analyst,4 months,riverside county,"$88,000",beverage/cpg,"bs pure mathematics, ms applied mathematics",,none,some stock program i haven't looked into. 10% annual bonus.,"~$100,000",,0.3333333333333333,riverside county,"$88,000",88000.0,USD,1.0,88000.0
2019,2,senior data scientist,2.5,denver metro,"$151,000",internet/web tech,ms,"1 year, also in web tech","$5,000","$100,000","~$250,000",,2.5,"denver, us","$151,000",151000.0,USD,1.0,151000.0
2019,2,data scientist,1.5 years,san francisco,187k,fb,phd,3 years in bay area tech companies,50k signing,"90k rsu, 30k bonus",305k,,1.5,"bay area, us",187k,187000.0,USD,1.0,187000.0
2019,2,director of data science,"6 months at current company, 6.5 years post phd experience","houston, tx",200k,"small company, very niche segment in the entertainment space",phd in engineering,"cpg, distribution, software.","none, was local","30% recurring bonus, given small share of company which only has any value if we sell the company.",260k,,0.5,"texas, us",200k,200000.0,USD,1.0,200000.0
2019,2,data scientist, 1.5 yrs,chicago,$110k,tech startup,phd,2 yrs data scientist at a fortune 11,no,a few %,$110-115k,,1.5,"chicago, us",$110k,110000.0,USD,1.0,110000.0
2019,2,junior data scientist,1.25 years,central europe,$800-900/mo,big 4,"bs in finance, finishing msc in financial engineering",1 year as an a actuary,stock and/or recurring bonuses: np.nan,total comp: $800-900/mo,,,1.25,central europe,$800-900/mo,10200.0,USD,1.0,10200.0
2019,2,director,** 5 years,** san francisco,** 185k,** financial services,** masters,**,** do not remember,** rsus $100k per year / year-end bonus $70k per year,** 355k,,5.0,"bay area, us",** 185k,185000.0,USD,1.0,185000.0
2019,3,data analyst ii,3 years,dallas,"$85,000",pharmaceutical distribution,something worse than a liberal arts degree,2 small startups,n/a,up to 8% bonus per year,"~$92,000","mostly work with programmers to acquire data from clients. not hard work, but get to do a lot of programming in sql and create my own python applications whenever i want. my boss loves when i make our lives easier.",3.0,"dallas, us","$85,000",85000.0,USD,1.0,85000.0
2019,3,data scientist,just started,nyc,175k,generic tech startup,ms,6 years of ds and analytics stuff,lol nope,"5% cash bonus, stock options with e = 0",183k,,,"new york, us",175k,175000.0,USD,1.0,175000.0
2019,3,director data science,~5 years,nyc,$230k,tech,phd,ad tech,stock and/or recurring bonuses: 45k rsu / 50k bonus,total comp: 325k,,,5.0,"new york, us",$230k,230000.0,USD,1.0,230000.0
2019,3,data analyst,13 months,sacramento,"~$54,000",academia,b.s.,4 years doin' other stuff,n/a,n/a,"~$54,000",,1.0833333333333333,"california, us","~$54,000",54000.0,USD,1.0,54000.0
2019,3,data analytics manager,"4mo as manager, 11mo as data analyst",sf bay area,"$105,000","energy startup, ~80 employees.","ba from canadian university, 6 month ds bootcamp.",two years in qa technician role at a faang,n/a,"stock, up to 10% performance bonus.",$105-135k,,0.3333333333333333,"bay area, us","$105,000",105000.0,USD,1.0,105000.0
2019,3,data scientist people analytics human capital,4 months,greater nyc,"$145,000",fortune 50 - global tech company/ hr analytics,,b.sc. sociology '13,m.a. cognitive science '15,m.sc. learning analytics '16,ph.d. cognitive science  '2020,prior experience:,0.3333333333333333,"new york, us","$145,000",145000.0,USD,1.0,145000.0
2019,3,senior data scientist,6 years,large midwestern city,"$121,000",large corporation in biotech/agrotech,phd,joined current employer directly out of grad school,full relocation costs + $5500,15% annual bonus,"~$139,000 with full bonus",,6.0,"los angeles, us","$121,000",121000.0,USD,1.0,121000.0
2019,3,business data analyst,1.5 years,virginia,"$51,000",dsd logistics,ma,data manager for university professor,no clue,ditto,"$51,000",,1.5,"virginia, us","$51,000",51000.0,USD,1.0,51000.0
2019,3,senior analytics consultant,2+yrs,canada,cad 80-85k,consulting,economics ba,internship,,,,,2.0,canada,cad 80-85k,82500.0,CAD,1.2946803318692046,63722.29342581423
2019,3,data scientist,2 years,north carolina,$100k,healthcare,ms,none,lol,~2k,$102k,,2.0,"north carolina, us",$100k,100000.0,USD,1.0,100000.0
2019,3,head scientist,6 months,sf bay area,$120k,tech startup,phd,academia,stock and/or recurring bonuses: tbd,total comp: 120k,,,0.5,"bay area, us",$120k,120000.0,USD,1.0,120000.0
2019,3,data scientist i,1 year,east coast city,$95k,nonprofit,ms business analytics,~10 years of highly quantitative market research,none,possible profit-sharing,~$100k?,,1.0,"east coast, us",$95k,95000.0,USD,1.0,95000.0
2019,3,data analyst,1 year,chicago,$60k,marketing,bachelors in mech eng from an ivy,internships not in the industry/field/position,,,,,1.0,"chicago, us",$60k,60000.0,USD,1.0,60000.0
2019,3,analytics manager,1 year,seattle,$110k,tech,math undergrad degree,3 years analytics consulting,stock and/or recurring bonuses: 20k bonus,total comp: 130k,"started as an analyst, then lead a small team when consulting. now manage 7 person team after i went full time for my client. expecting a promotion at the end of this year or will find one in the market. targeting around 160k based on what i do and what others in similar roles make i know, as my work had expanded a lot but not my title or pay in the last year.",,1.0,"seattle, us",$110k,110000.0,USD,1.0,110000.0
2019,3,data scientist, 1 year,"bay area, ca","$450,000",internet media,berkeley physics phd,2 years,signing bonus: $0,"stock bonus: $25,000","$475,000",,1.0,"bay area, us","$450,000",450000.0,USD,1.0,450000.0
2019,3,reporting analyst,2 yr,chattanooga tn,"~$58,000",insurance,"b.s. , just started ms analytics",none,,5% annual bonus,~60k,,2.0,"chattanooga, us","~$58,000",58000.0,USD,1.0,58000.0
2019,3,senior data scientist,1.5 years,bay area,$180k,tech,ba economics,4 years in data analysis in tech,stock and/or recurring bonuses: 35k stocks/15% bonus,relocation/sign-on bonus: 25k,240k,,1.5,"bay area, us",$180k,180000.0,USD,1.0,180000.0
2019,3,senior analyst, 6mo,seattle,85k,company: academia/public health,phd,postdoc/none,total compensation: ~100k,,,,0.5,"seattle, us",85k,85000.0,USD,1.0,85000.0
2019,3,product analyst,years of experience: 7,sf/bay area,base  $170k,tech,phd,annual stock vest: 130k,bonus: ~10% of base,total comp: 320k,,,,"bay area, us",  $170k,170000.0,USD,1.0,170000.0
2019,3,data scientist,just started in october 2019,sf bay area,$120k,tech,ms,0 full time experience,$5k,nothing,$125k,,,"bay area, us",$120k,120000.0,USD,1.0,120000.0
2019,3,data scientist,1 year,south florida,80k,b2b logistics,ms econ in usa,1 year as a data scientist,2k,na,80k,,1.0,"florida, us",80k,80000.0,USD,1.0,80000.0
2019,3,senior consultant data scientist,1 year,nova/dc,"$115,000",technology consulting,"b.s, mechanical engineering",consultant - data analyst at accenture for ~ 3 years,n/a,will find out soon after appraisals are done,salary + annual bonus,,1.0,"washington dc, us","$115,000",115000.0,USD,1.0,115000.0
2019,3,research investigator,1.2 years,greater philly area,"117,000",top 10 pharmaceutical company,"ph.d. bioinformatics, bs computer science",one summer internship as an undergrad at a biotech company plus relevant research experience during my phd,"relocation totally handled, but i'm on the hook to pay it back if i leave within 2 years","8% bonus target per year, plus company- and personal-performance multipliers",~125-130k,,1.2,"philadelphia, us","117,000",117000.0,USD,1.0,117000.0
2019,3,bi analyst,~1 years,chicago,48k,logistics & supply chain,bs,logistics & supply chain,stock and/or recurring bonuses: n/a,total comp: 48k,,,1.0,"chicago, us",48k,48000.0,USD,1.0,48000.0
2019,3,data scientist,1 year,nyc,80k,fintech,ba econ,"1 year as data analyst, different industry",0,15%,~90k,,1.0,"new york, us",80k,80000.0,USD,1.0,80000.0
2019,3,researcher,~5 years,nyc,$200k,tech,master's,advertising analytics,stock and/or recurring bonuses: $35k rsu/$40k bonus,total comp: $275k,,,5.0,"new york, us",$200k,200000.0,USD,1.0,200000.0
2019,3,lead data engineer,< 1yr,toronto,130k,banking,some college,"~25yrs overall, ~8 in data engineering",40k,30k/yr rsu,~180k,,1.0,"toronto, canada",130k,130000.0,USD,1.0,130000.0
2019,3,business analyst i,6 months,chicago,"$59,000",large tech company,"ba , self-taught sql/python",n/a,n/a,"~$10,000","$80,000",,0.5,"chicago, us","$59,000",59000.0,USD,1.0,59000.0
2019,3,senior data scientist,~1 year,washington dc,121k,finance,phd,"~1 year, senior ds",15k,3-5% base,125k,,1.0,"washington dc, us",121k,121000.0,USD,1.0,121000.0
2019,3,data analyst,2.5 years,"austin, tx","$96,000",ecommerce software,"liberal arts master's degree, also a night bootcamp",,none,nothing recurring,"$96,000",,2.5,"texas, us","$96,000",96000.0,USD,1.0,96000.0
2019,3,data scientist,4 years,boonies,"100,400",finance,masters in statistics,none,none,7200,"107,600",,4.0,boonies,"100,400",100400.0,USD,1.0,100400.0
2019,3,data scientist,haven't started yet,"austin, tx",$65k,large automaker,b.s. comp sci,,"not sure, but i know others who also moved from my area and they report about $12k.",recurring 10% annual raise for 3 yrs,$85k,,,"texas, us",$65k,65000.0,USD,1.0,65000.0
2019,3,marketing coordinator,~5 years,ohio,$30k,multifamily housing,bfa ballet and bs political science,none,stock and/or recurring bonuses: none,total comp: 30k,,,5.0,"ohio, us",$30k,30000.0,USD,1.0,30000.0
2019,3,senior data scientist,8 months,denver,"$130,000",,phd,3 years at 2 companies as a ds,1k relocation,10% annual bonus + stock stuff,"$130-143,000",,0.6666666666666666,"denver, us","$130,000",130000.0,USD,1.0,130000.0
2019,3,senior systems analyst,"about 6 months full-time, before that was part-time as i finished my ms",boston,95k,finance,"undergrad math, ms applied statistics","grad school projects, internship here, part-time here while finishing school",n/a,~20% annual bonus,~ $115k,,0.5,"boston, us",95k,95000.0,USD,1.0,95000.0
